is_contract,Sum of amount
1,22929643.169999994
0,1162022.6300000004
