year_month,Sum of amount
2024-03,2131820.8
2024-07,2101200.91
2024-08,2090500.4800000004
2024-05,2074120.76
2024-01,2039206.43
2024-10,1994344.4100000001
2024-12,1989989.26
2024-11,1970622.3100000003
2024-06,1964654.5300000003
2024-09,1942824.9999999998
2024-04,1915420.35
2024-02,1876960.56
