company_industry,Sum of amount
RETAIL,4819766.940000002
TECHNOLOGY,4803997.350000002
BFSI,3643545.8999999994
MANUFACTURING,3639658.1500000022
CONSUMER TECH,2394036.950000001
HEALTHCARE,1212512.289999996
FINTECH,1205760.5700000024
LOGISTICS,1194574.2999999996
EDTECH,1177813.35
