supplier_name,Sum of amount
SAP Concur,2016267.4999999967
Indigo Airlines,2009074.330000001
Google Cloud,1994990.7600000014
Microsoft Azure,1980591.4800000002
MakeMyTrip,1969728.779999994
Flipkart Wholesale,1965985.7499999972
Uber for Business,1953079.2999999986
Dell India,1952463.5599999975
Amazon Business,1929852.5900000064
AWS,1921929.490000001
